Year,Province,Waste (Ton/day),Reuse Waste (Ton/day),Right manage Waste (Ton/day),Poor manage Waste (Ton/day),Leftover Waste (Ton/day)
2556,1,518.22,107.15,4.29,406.78,79753
2556,2,11335,1410,9925,0,0
2556,3,839.53,115.72,17.89,705.92,1658387.35
2556,4,979.02,270.16,153.25,555.61,45369.65
2556,5,669.75,173.38,98.62,397.75,14095.44
2556,6,1912.21,608.23,199.28,1104.7,723691.68
2556,7,582.67,142.85,180.76,259.06,80115
2556,8,788.31,113.49,13.34,661.48,202753.2
2556,9,2349.89,318.72,1029.62,1001.55,501635
2556,10,329.97,90.35,56.4,183.22,346092
2556,11,1096.14,288.31,103.91,703.92,30101.1
2556,12,368.94,7.77,45.68,315.49,235008.75
2556,13,659.24,223.59,23.9,411.75,77919.39
2556,14,255.64,56.1,53.86,145.68,20895
2556,15,619.75,191.77,0,427.98,93560.7
2556,16,258.99,56.71,96.92,105.36,120520
2556,17,967.41,198.91,161.74,606.76,340585
2556,18,596.02,109.94,6.5,479.58,47703.21
2556,19,2692.49,279.98,513.69,1898.82,460002.38
2556,20,1042.01,15.78,22.7,1003.53,1265358
2556,21,1084.37,273.56,312.64,498.17,17190
2556,22,1541.73,320.38,1221.35,0,0
2556,23,711.07,255.04,36.81,449.22,79096
2556,24,444.57,152.53,70.07,221.97,28389.89
2556,25,354.13,112.78,38.59,202.76,18000.17
2556,26,1575.09,94.7,87.51,1392.88,124736.48
2556,27,1471.41,138.77,0,1332.64,121893
2556,28,595.52,111.91,121.36,362.25,546356.48
2556,29,538.69,82.9,5,450.79,556680
2556,30,619.56,212.72,0,406.84,67157.75
2556,31,796.19,123.74,0,672.45,585717.9
2556,32,523.57,154.37,35,334.2,102030.3
2556,33,299.69,104.86,74.29,120.54,15826.2
2556,34,502.84,145.27,41.22,316.35,84577.5
2556,35,542.5,138.78,44.95,358.77,36957
2556,36,867.38,207.85,160.52,499.01,24376
2556,37,686.77,106.83,579.94,0,0
2556,38,959.97,179.58,65.13,715.26,66562.64
2556,39,320.21,58.96,78.8,182.45,61.29
2556,40,533.83,229.4,53.51,250.92,231029.4
2556,41,488.62,116.28,133.88,238.46,20252.52
2556,42,199.17,10.64,0,188.53,296992.2
2556,43,961.9,307.09,351.14,303.67,45150
2556,44,865.29,159.79,4.44,701.06,1000122.79
2556,45,1253.59,197.89,43.11,1012.59,91979.37
2556,46,774.71,149.99,46.18,578.54,352288
2556,47,815.36,156.77,150.72,507.87,395577.6
2556,48,397.17,90.11,133.24,173.82,731.76
2556,49,1353.17,56.76,107.06,1189.35,111469.2
2556,50,1039.84,184.61,163.26,691.97,21869.82
2556,51,1597.17,594.79,74.71,927.67,2471840.4
2556,52,291.37,103.96,64.36,123.05,95148
2556,53,1935.75,184.45,0,1751.3,2063448
2556,54,250.75,40.28,4.6,205.87,68130.9
2556,55,665.39,106.91,315.03,243.45,52950
2556,56,685.14,104.58,372.15,208.41,201720
2556,57,537.86,124.02,46.5,367.34,35175
2556,58,240.85,46.39,52.23,142.23,10327.5
2556,59,848.24,130.65,58.08,659.51,144922.5
2556,60,978.19,15.13,0,963.06,1003332.6
2556,61,1302.17,28.12,84.64,1189.41,72451.83
2556,62,582.8,102.39,91.97,388.44,184257
2556,63,494.35,170.72,152.58,171.05,17237.1
2556,64,495.7,168.75,42.49,284.46,29662.2
2556,65,348.18,83.96,60.65,203.57,16304.11
2556,66,1624,515.42,322.62,785.96,7249.1
2556,67,464.85,127.73,77.93,259.19,73163
2556,68,314.17,64.78,52.5,196.89,4252.8
2556,69,1716.43,365.88,408.41,942.14,314.49
2556,70,301.65,81.93,0,219.72,151581
2556,71,1192.19,237.44,402.95,551.8,3046.5
2556,72,1718.92,627.25,777.71,313.96,1429.32
2556,73,521.45,89.74,30.72,400.99,1173416.21
2556,74,903.04,166.28,105.48,631.28,297240
2556,75,651.89,224.41,3.5,423.98,10500.28
2556,76,493.91,143.79,0,350.12,365232.33
2556,77,219.45,82.69,44.09,92.67,153.6
2557,1,551,145,140,266,245819.54
2557,2,10800,1600,9200,0,0
2557,3,798,130,2,666,934598
2557,4,957,296,89,572,56600
2557,5,712,160,170,382,10940
2557,6,1829,440,180,1209,767967.24
2557,7,590,140,189,261,80475
2557,8,836,69,18,749,655033
2557,9,2398,155,1073,1170,591386
2557,10,361,26,3,332,226764.69
2557,11,1072,244,94,734,64966.15
2557,12,370,10,36,324,116491.05
2557,13,716,286,21,409,212719.2
2557,14,245,40,78,127,19455
2557,15,672,142,31,499,126195.75
2557,16,252,57,91,104,134833.62
2557,17,971,167,484,320,353105
2557,18,641,162,19,460,51588.93
2557,19,2264,70,349,1845,760825
2557,20,1085,55,23,1007,1047357.6
2557,21,1108,250,316,542,27589.5
2557,22,1617,338,1279,0,0
2557,23,736,255,108,373,31809.15
2557,24,449,125,40,284,9477.63
2557,25,341,113,50,178,12446.22
2557,26,1553,155,68,1330,58323.53
2557,27,1486,100,0,1386,167008.5
2557,28,592,118,117,357,440792
2557,29,437,20,10,407,552678.52
2557,30,631,233,70,328,11964
2557,31,1135,178,0,957,780031.2
2557,32,480,122,22,336,37605.9
2557,33,319,120,77,122,179362.88
2557,34,518,181,69,268,35377.26
2557,35,543,105,74,364,36957
2557,36,867,208,183,476,10636
2557,37,714,96,618,0,0
2557,38,894,216,36,642,92843
2557,39,180,10,70,100,38301
2557,40,541,250,176,115,46654.43
2557,41,245,16,60,169,65385.65
2557,42,196,10,0,186,26003.4
2557,43,942,132,467,343,43020
2557,44,840,160,31,649,464064
2557,45,913,40,0,873,217656
2557,46,795,130,47,618,356608
2557,47,843,160,226,457,70206
2557,48,386,96,142,148,902.25
2557,49,1361,120,116,1125,117784.2
2557,50,1078,250,160,668,24773.55
2557,51,1604,600,550,454,100945.2
2557,52,301,130,60,111,24894
2557,53,2025,300,0,1725,2001960
2557,54,221,60,5,156,1800
2557,55,890,140,690,60,52950
2557,56,624,10,370,244,191156.18
2557,57,525,130,44,351,92320
2557,58,221,45,0,176,24093
2557,59,865,140,150,575,144922.5
2557,60,1061,100,0,961,319493.55
2557,61,1304,40,70,1194,50219.46
2557,62,576,120,160,296,93606
2557,63,495,225,190,80,17237.1
2557,64,487,195,70,222,36025.2
2557,65,270,20,90,160,44827.5
2557,66,1622,600,390,632,12829.25
2557,67,467,15,90,362,23218
2557,68,316,60,56,200,4293
2557,69,1180,95,355,730,106065.6
2557,70,280,50,0,230,98550.9
2557,71,1133,270,300,563,13994.7
2557,72,1698,650,670,378,22258.53
2557,73,531,115,32,384,682937.5
2557,74,984,50,140,794,206863
2557,75,577,185,110,282,11909.75
2557,76,438,80,40,318,5727
2557,77,211,80,36,95,1351.56
2558,1,557,130,143,284,192146
2558,2,11500,1310,10190,0,0
2558,3,686,23,22,641,463475.72
2558,4,983,350,83,550,29502
2558,5,703,152,245,306,1704
2558,6,1870,500,136,1234,754904
2558,7,605,60,216,329,77105
2558,8,862,100,17.6,744.4,261500
2558,9,2487,218,1058,1211,314770
2558,10,360,150,75,135,132590.41
2558,11,1087,300,10,777,84010
2558,12,365,8,29,328,122007.3
2558,13,665,250,21,394,163080
2558,14,268,51,82,135,80247
2558,15,640,135,28,477,126195.75
2558,16,256,55,93,108,35522
2558,17,1080,168,576,336,131342.54
2558,18,673,250,28,395,99904.29
2558,19,2294,120,393,1781,521833.6
2558,20,1097,64,24,1009,1114591.2
2558,21,1131,250,334,547,18942
2558,22,1624,324,1300,0,0
2558,23,851,380,119,352,53739.6
2558,24,453,125,40,288,10475
2558,25,397,165,27,205,13785.06
2558,26,1559,160,69,1330,57873.53
2558,27,1591,190,220,1181,116296
2558,28,533,55,126,352,257445
2558,29,459,20,7,432,318962
2558,30,640,208,129,303,96991.2
2558,31,1148,191,0,957,486714
2558,32,495,133,22,340,20400
2558,33,301,87,79,135,194289.74
2558,34,523,185,70,268,48430.59
2558,35,542,102,74,366,36957
2558,36,927,230,191,506,21016
2558,37,744,101,633,10,0
2558,38,908,250,23,635,138688
2558,39,179,9,69,101,38301
2558,40,549,260,186,103,14718
2558,41,241,15,52,174,41790.65
2558,42,199,11,0,188,26003.4
2558,43,973,170,445,358,35640
2558,44,805,50,30,725,375099.16
2558,45,909,35,0,874,176522.02
2558,46,818,145,47,626,274534
2558,47,867,190,194,483,70206
2558,48,402,85,142,175,782.25
2558,49,1382,120,86,1176,67144.2
2558,50,1123,320,144,659,25816.35
2558,51,1624,630,547,447,95788.26
2558,52,308,140,54,114,38407
2558,53,2049,370,0,1679,1300000
2558,54,161,1,0,160,0
2558,55,950,167,642,141,30000
2558,56,681,70,404,207,81780
2558,57,537,135,45,357,91781
2558,58,249,51,0,198,13200
2558,59,880,150,161,569,87306.24
2558,60,1070,100,17,953,259588
2558,61,1302,36,65,1201,10805.3
2558,62,578,130,172,276,45909.9
2558,63,509,195,170,144,15838.2
2558,64,498,91,39,368,21782
2558,65,271,14,78,179,41038
2558,66,1672,705,307,660,19176.09
2558,67,484,125,86,273,0
2558,68,316,41,68,207,2403
2558,69,1172,95,326,751,81745
2558,70,283,50,0,233,98550.9
2558,71,1180,250,265,665,10325.12
2558,72,1652,550,650,452,15572.22
2558,73,479,25,43,411,230500
2558,74,1043,94,144,805,118232
2558,75,631,194,159,278,5444.25
2558,76,449,82,48,319,26384.4
2558,77,219,80,45,94,732.3
2559,1,541.08,137.03,157.74,246.31,193975
2559,2,11530,1320,10210,0,0
2559,3,845.25,169.35,24.2,651.7,223948
2559,4,978.79,379.15,116,483.64,17433
2559,5,671.99,131.29,151.12,389.58,6119
2559,6,1946.02,561.35,187.92,1196.75,755904
2559,7,550.74,23.17,239.56,288.01,52721
2559,8,751.12,12.41,6,732.71,1242000
2559,9,2619.72,301.9,959.5,1358.32,398936
2559,10,356.58,135.11,88.4,133.07,20013
2559,11,1074.27,373.8,0,700.47,84010
2559,12,368.87,32.65,41.3,294.92,51673
2559,13,659.58,257.89,117.02,284.67,80408
2559,14,271.71,61.96,55.17,154.85,86305
2559,15,630.36,117.01,71.9,441.45,79592
2559,16,239.22,36.62,70.87,131.73,75000
2559,17,1163.73,116.62,649.76,397.35,142385
2559,18,667.7,261.33,27.99,378.38,42786
2559,19,2458.33,625.18,612.18,1220.97,227492
2559,20,1009.28,90.87,91.18,827.23,1093053
2559,21,1012.79,227.63,279.22,505.94,11109
2559,22,1679.23,489.97,1189.26,0,0
2559,23,747.93,299.68,86.16,362.09,59243
2559,24,456.03,148.12,64.85,243.06,9242
2559,25,396.65,174.88,17.05,204.72,10334
2559,26,1597.6,263.67,178.03,1155.9,26157
2559,27,1676,218.35,160.54,1297.11,82912
2559,28,581.24,88.9,279.94,212.4,285197
2559,29,515.73,97.18,76.08,342.47,216965
2559,30,648.05,247.12,82.52,318.41,49108
2559,31,1153.7,252.96,174.65,726.09,642566
2559,32,484.6,165.11,109.58,209.91,23042
2559,33,283.26,84.75,77.7,120.81,193962
2559,34,524.22,192.64,35,296.58,67052
2559,35,551.48,156.41,63.32,331.75,18170
2559,36,893.56,187.61,140.1,565.85,6817
2559,37,879.89,87.99,791.9,0,0
2559,38,910.84,287.37,26.71,596.76,142252
2559,39,179.96,60.85,70.92,48.19,4127
2559,40,596.68,238.16,252.4,106.12,14718
2559,41,233,21.91,52.28,158.81,46400
2559,42,186.78,47.67,0,139.11,18291
2559,43,896.88,59.59,487.45,349.84,221900
2559,44,895.87,210.34,296.55,388.98,143660
2559,45,930.42,161.24,4,765.18,124955
2559,46,920.64,141.68,39.18,739.78,125622
2559,47,825.24,91.45,251.12,482.67,43317
2559,48,402.67,85.65,135.59,181.43,131
2559,49,1403.25,132,94.7,1176.55,33399
2559,50,1127.78,395.81,109.46,622.51,4511
2559,51,1624.59,562.96,673.55,388.08,147645
2559,52,297.52,149.89,58.9,88.73,18448
2559,53,2362.24,298.94,1972.8,90.5,616143
2559,54,193.94,44.3,2.57,147.07,0
2559,55,940.35,113.46,410.67,416.22,279825
2559,56,747.08,166.54,370.17,210.37,93481
2559,57,380.68,22.17,26.7,331.81,142054
2559,58,244.37,46.59,0,197.78,28138
2559,59,784.32,161.01,122.9,500.41,92367
2559,60,1034.26,158.95,261.65,613.66,263499
2559,61,1319.49,202.28,85.93,1031.28,2754
2559,62,572.87,349.97,118.53,104.37,24274
2559,63,357.37,114.92,118.09,124.36,12058
2559,64,494.04,224.31,47.04,222.69,20562
2559,65,202,68.74,83.27,49.99,45156
2559,66,1622.03,726.76,275.06,620.21,18203
2559,67,450.38,125.62,72.12,252.64,4735
2559,68,321.95,57.01,70.76,194.18,1296
2559,69,1481.72,381.01,516.04,584.67,18634
2559,70,285.49,118.57,107.07,59.85,0
2559,71,1100.47,196.33,274.4,629.74,13277
2559,72,1658.5,525.78,691.9,440.82,42979
2559,73,559.06,91.35,152.21,315.5,356925
2559,74,949.97,209.65,116.53,623.79,134693
2559,75,630.25,197.52,20,412.73,56836
2559,76,433.3,88.88,22.17,322.25,23143
2559,77,155.61,39.96,45.66,69.99,0
2560,1,564,137,178,249,177984
2560,2,13327,2738,10589,0,0
2560,3,810,466,143,201,238715
2560,4,952,591,294,67,62436
2560,5,395,73,145,177,8824
2560,6,1836,994,606,236,147745
2560,7,474,75,259,140,12580
2560,8,777,180,240,357,469703
2560,9,2547,476,1852,219,86217
2560,10,320,121,113,86,10438
2560,11,1060,817,60,183,10530
2560,12,369,176,19,174,27963
2560,13,663,299,130,234,41196
2560,14,273,60,117,96,76036
2560,15,523,96,122,305,100030
2560,16,241,85,70,86,80146
2560,17,1165,234,516,415,114374
2560,18,667,252,87,328,50555
2560,19,2458,958,708,792,93933
2560,20,982,433,73,476,1135120
2560,21,885,100,419,366,3193
2560,22,1685,384,1301,0,0
2560,23,753,284,109,360,48105
2560,24,454,153,76,225,9242
2560,25,395,170,25,200,11784
2560,26,1501,582,196,723,6904
2560,27,1622,367,283,972,65669
2560,28,520,125,278,117,17273
2560,29,516,149,100,267,116265
2560,30,666,286,74,306,33632
2560,31,1038,264,553,221,312585
2560,32,458,171,167,120,10452
2560,33,296,95,84,117,130770
2560,34,532,192,46,294,19422
2560,35,555,139,69,347,18136
2560,36,897,208,306,383,6817
2560,37,946,86,860,0,0
2560,38,901,509,136,256,53729
2560,39,125,35,74,16,331
2560,40,611,242,253,116,12043
2560,41,497,357,116.27,23.73,0
2560,42,189,96,0,93,9088
2560,43,989,228,726,35,163310
2560,44,831,395,303,133,22860
2560,45,930,454,270,206,47577
2560,46,730,247,59,424,171837
2560,47,793,101,245,447,12123
2560,48,385,95,195,95,22
2560,49,1378,317,122,939,5414
2560,50,1118,388,138,592,5424
2560,51,1634,561,688,385,36035
2560,52,302,178,66,58,19155
2560,53,2445,502,1845,98,0
2560,54,185,52,87,46,0
2560,55,948,587,12,349,237409
2560,56,694,201,448,45,97158
2560,57,529,170,43,316,158059
2560,58,242,73,63,106,12216
2560,59,791,211,136,444,41655
2560,60,1049,452,399,198,68761
2560,61,1276,461,110,705,3923
2560,62,576,319,155,102,6010
2560,63,498,194,164,140,9683
2560,64,487,329,63,95,1402
2560,65,275,65,88,122,840
2560,66,1601,726,320,555,17510
2560,67,440,128,91,221,4735
2560,68,313,10,55,248,425
2560,69,1465,384,872.73,208.27,3988
2560,70,288,145,103,40,0
2560,71,1096,212,453,431,22500
2560,72,1669,108,1349,212,2130
2560,73,480,176,156,148,164487
2560,74,951,294,135,522,102018
2560,75,603,194,22,387,80335
2560,76,409,93,144,172,11098
2560,77,153,15,50,88,352
2561,1,543.12,154.89,171.73,216.5,60261.18
2561,2,13240.49,2521.87,10718.62,0,0
2561,3,822.49,470.14,107.97,244.38,63067
2561,4,984.11,599.14,97.78,287.19,47411.05
2561,5,417.84,90.95,143.12,183.77,6119.25
2561,6,1847.6,934.62,533.18,379.8,145381.32
2561,7,510.8,122.09,266.03,122.68,52721
2561,8,709.24,174.86,192.56,341.82,102444.58
2561,9,2591.03,280.9,1154.68,1155.45,119611
2561,10,326.33,126.22,104.59,95.52,97.5
2561,11,1074.62,679.46,141.99,253.17,14012.66
2561,12,366.92,177.23,26.4,163.29,19538.45
2561,13,659.06,355.5,75.68,247.99,40029.65
2561,14,275.18,99.16,80.1,95.92,27644.76
2561,15,638.55,195.03,98.9,344.62,2014
2561,16,250.91,136.91,106.41,7.59,16200
2561,17,1263.91,310.23,652.16,301.52,90379.6
2561,18,673.35,266.98,32.23,374.14,26305.91
2561,19,2480.07,1021.06,577.94,901.07,68180.51
2561,20,963.03,431.82,73.3,457.91,1169172.3
2561,21,894,122.01,418.91,353.08,11109
2561,22,1691.45,386.17,1305.28,0,0
2561,23,745.29,275.25,108.81,361.23,57957.75
2561,24,456.03,161.23,70.8,224,2386.03
2561,25,393.71,214.79,33.1,145.82,15314.97
2561,26,1571.73,598.57,176.52,796.64,11047.49
2561,27,1690.24,508.24,341.06,840.94,38272
2561,28,593.38,159.15,228.35,205.88,19588
2561,29,520.09,242.77,112.6,164.72,105855.45
2561,30,670.29,315.6,67.74,286.95,21214.48
2561,31,1176.35,519.65,404.28,252.42,297815
2561,32,484.6,284.99,83.49,116.12,832.95
2561,33,305.6,108.83,83.63,113.14,132533.94
2561,34,516.4,197.05,42.2,277.15,6818.31
2561,35,652.55,142.59,113.4,396.56,78856.5
2561,36,902.96,280.61,345,277.35,0
2561,37,1032.55,103.26,929.29,0,0
2561,38,904.62,515.42,84.43,304.77,7452.2
2561,39,334.64,233.08,0,111.56,63.75
2561,40,557.81,295.42,180.46,81.93,0
2561,41,512.56,355.73,75.35,81.48,9.95
2561,42,189.06,97.98,0,91.08,4361.47
2561,43,967.8,207,537.77,223.03,253046
2561,44,864.61,418.33,328.96,117.32,27380
2561,45,1314.54,685.19,171,458.35,9283.76
2561,46,863.11,383.16,39.97,439.98,246722.16
2561,47,444.75,116.19,198.14,130.42,6642.07
2561,48,412.16,101.69,201.02,109.45,0
2561,49,1358.24,447.07,122,789.17,72.37
2561,50,1135.41,465.34,117.69,552.38,4410.12
2561,51,1656.46,585.97,668.33,402.16,23472
2561,52,310.82,182.58,86.69,41.55,22255
2561,53,2449.77,507.47,1927.3,15,0
2561,54,180.92,51.12,100.52,29.28,0
2561,55,918,476.8,370.31,70.89,9968.22
2561,56,677.42,258.93,313.13,105.36,366014.3
2561,57,593.65,327.92,23.47,242.26,167642.43
2561,58,244.37,105.6,69.58,69.19,7250
2561,59,636.14,158.43,170.17,307.54,42809.22
2561,60,1088.27,477.3,478,132.97,116210.1
2561,61,1278.5,478.14,82.4,717.96,4209.45
2561,62,581.24,376.57,128.21,76.46,0
2561,63,500.57,231.12,132.37,137.08,6774.3
2561,64,496.62,290.01,86.9,119.71,498.72
2561,65,361.89,209.78,45.13,106.98,14.89
2561,66,1632.56,889.68,236.21,506.67,13398.64
2561,67,439.14,155.29,76.67,207.18,3728.25
2561,68,316.49,48.95,55.9,211.64,1296
2561,69,1800.67,1038.29,503.49,258.89,158.28
2561,70,285.49,159.1,107.75,18.64,0
2561,71,972.54,248.61,407.13,316.8,812
2561,72,1655.31,399.12,1040.8,215.39,0
2561,73,461.77,174.64,103.54,183.59,127130
2561,74,953.76,439.3,127.63,386.59,71930
2561,75,649.91,237.32,23,389.59,91744.17
2561,76,423.16,121.87,86.94,214.35,17895.76
2561,77,168.2,43.13,16.4,108.67,184.25
2562,1,545.5,166.89,0,378.61,57326
2562,2,13583.48,3029.98,10553.5,0,0
2562,3,899.02,607.59,106.86,130.57,35255
2562,4,985.4,605.17,104.37,275.86,29668.9
2562,5,415.39,135.04,158.28,122.07,0
2562,6,1873.09,927.39,489.2,456.5,288240.77
2562,7,569.36,177.54,234.82,157,8142.11
2562,8,733.14,134.65,8.81,589.68,125519.55
2562,9,2909.86,693.24,1531.78,684.84,64669.95
2562,10,326.04,208.53,73.66,43.85,158.48
2562,11,1077.5,722.64,123.85,231.01,0
2562,12,532.52,406.02,32.45,94.05,20415.24
2562,13,659.06,400.17,27.78,231.11,42664.79
2562,14,258.5,85.7,107.61,65.19,10075.04
2562,15,625.93,137.05,335.18,153.7,651.15
2562,16,294.07,104.23,21.1,168.74,37470
2562,17,1093.03,343,548.27,201.76,94748
2562,18,681.09,505.94,23.27,151.88,15881.89
2562,19,2511.25,1288.67,164.58,1058,74268
2562,20,1617.04,1209.71,42.39,364.94,821272.56
2562,21,756.09,220.59,378.52,156.98,0
2562,22,1995.28,689.19,1306.09,0,0
2562,23,742.53,321.39,95.92,325.22,39437.86
2562,24,472.41,332.32,58.79,81.3,0
2562,25,402.66,311.35,43.52,47.79,10052.1
2562,26,1579.61,759.1,179.14,641.37,0
2562,27,1658.23,478.74,333.33,846.16,22962
2562,28,628.21,225.11,2.96,400.14,11152
2562,29,514.23,276.88,0,237.35,187410.3
2562,30,679.93,312.16,75.6,292.17,10351.5
2562,31,1095.13,529.57,444.65,120.91,206486
2562,32,482.13,333.05,75.1,73.98,0
2562,33,307.39,123.78,45.67,137.94,131185.33
2562,34,519.44,381.99,67.5,69.95,3279.24
2562,35,499.19,146.92,123.76,228.51,157
2562,36,883.35,552.34,243.29,87.72,0
2562,37,1072.66,107.26,965.4,0,0
2562,38,909.81,611.22,0,298.59,57471.69
2562,39,334.64,276.84,0,57.8,14665.7
2562,40,543.71,295.83,165.95,81.93,0
2562,41,513.06,378.36,50.94,83.76,3613.37
2562,42,189.55,112.71,0,76.84,4863.22
2562,43,969.76,144.8,815.86,9.1,64245.3
2562,44,872.04,339.02,367.75,165.27,21940
2562,45,1272.65,740.06,103.94,428.65,13754
2562,46,1142.91,317.16,31.95,793.8,273428.1
2562,47,781.84,424.26,279.92,77.66,0
2562,48,230.72,92.18,72.12,66.42,0
2562,49,1358.24,1056.99,155,146.25,487
2562,50,1131.59,924.77,117.55,89.53,4924.62
2562,51,1625.51,570.44,652.9,402.17,0
2562,52,308.49,180.71,86.23,41.55,11622
2562,53,2362.24,506.48,369.15,1486.61,0
2562,54,187.08,62.16,123.12,1.8,0
2562,55,950.42,650.34,299.75,0.33,79015.81
2562,56,721.82,253.62,276.78,191.42,362289.55
2562,57,709.73,398.91,16.5,294.32,162719.15
2562,58,240.9,118.17,69.53,53.2,7250
2562,59,806.83,599.11,56,151.72,68690
2562,60,1386.66,768.15,257.65,360.86,100159.95
2562,61,1326.5,771.77,91.22,463.51,0
2562,62,573.94,398.25,108.18,67.51,0
2562,63,504.1,272.52,152.43,79.15,9016.57
2562,64,496.65,315.89,73.51,107.25,8640.75
2562,65,361.89,264.22,50.13,47.54,2367
2562,66,1634.28,960.57,355,318.71,12716.45
2562,67,437.57,267.96,67.4,102.21,0
2562,68,285.55,47.37,96.77,141.41,0
2562,69,1800.67,1214.38,338.79,247.5,1697
2562,70,280.88,136.36,135.51,9.01,0
2562,71,592.43,155.3,193.88,243.25,0
2562,72,1647.86,345.07,1204.07,98.72,0
2562,73,486.54,246.37,116.82,123.35,165980
2562,74,950.6,495.37,111.01,344.22,71930
2562,75,662.77,361.25,20.4,281.12,152294.85
2562,76,424.43,192.48,206.66,25.29,0
2562,77,169.55,44.51,9.44,115.6,70
2563,1,491,112.7,188,190.3,50680
2563,2,12281.7,3672.5,8609.2,0,0
2563,3,794.8,381.5,178,235.3,34568
2563,4,746,211.1,102,432.9,27533
2563,5,529.1,265.3,138,125.8,13500
2563,6,1221.4,363.8,549,308.6,32594
2563,7,485.3,109.2,37,339.1,5436
2563,8,674.9,133.7,10,531.2,59502
2563,9,2683.7,249.7,1410,1024,224710
2563,10,289.5,127.5,60,102,1917
2563,11,939.5,406.1,87,446.4,10000
2563,12,414.9,133.8,34,247.1,12695
2563,13,509.7,158.7,30,321,40501
2563,14,212,60.1,120,31.9,14095
2563,15,708,437.5,166,104.5,263
2563,16,213.4,78,29,106.4,15939
2563,17,1276.3,212.6,627,436.7,285979
2563,18,663.91,209.1,80,374.81,3555
2563,19,2337.3,1088.5,318,930.8,157578
2563,20,1100.6,405.3,50,645.3,695601
2563,21,787.9,353.9,336,98,0
2563,22,1960.9,460,1491,9.9,0
2563,23,744.5,397.2,101,246.3,37926
2563,24,286.1,131.1,91,64,4028
2563,25,305,163.6,46,95.4,6696
2563,26,1698.5,833,186,679.5,6949
2563,27,1719.6,166.6,196,1357,31570
2563,28,640.4,215.8,283,141.6,4958
2563,29,511.6,137.2,0,374.4,203407
2563,30,1023.3,144.6,89,789.7,8078
2563,31,1351.8,238.6,551,562.2,519195
2563,32,275.2,103,30,142.2,0
2563,33,243.1,44,101,98.1,36877
2563,34,353,155.5,112,85.5,4630
2563,35,324.7,170,131,23.7,900
2563,36,812.4,465.7,268,78.7,0
2563,37,994.5,107.3,833,54.2,0
2563,38,677.5,363,17,297.5,56886
2563,39,222.3,134.8,0,87.5,42
2563,40,434.6,163.9,155,115.7,0
2563,41,424.6,175.7,61,187.9,39
2563,42,277,52.8,0,224.2,5917
2563,43,1010.2,76.1,779,155.1,18772
2563,44,759.8,189.2,428,142.6,9559
2563,45,952.4,599.1,139,214.3,975
2563,46,798.6,284.1,33,481.5,271550
2563,47,483.9,120.2,244,119.7,1326
2563,48,265.6,113.5,70,82.1,0
2563,49,946,410.7,165,370.3,0
2563,50,896.1,497.3,123,275.8,4148
2563,51,1140.3,337.1,700,103.2,0
2563,52,302.5,208,77,17.5,5045
2563,53,2341.5,134.3,500,1707.2,0
2563,54,177.1,42.2,86,48.9,0
2563,55,839.1,72.1,767,0,2925
2563,56,631.7,144.65,264,223.05,335836
2563,57,436.7,184.3,19,233.4,106962
2563,58,140,54.9,25,60.1,23000
2563,59,691,278.6,64,348.4,46276
2563,60,1034.8,333.2,16,685.6,204447
2563,61,1104.4,766.7,54,283.7,2777
2563,62,373.1,181.3,178,13.8,0
2563,63,784.5,267,142,375.5,8174
2563,64,355.8,143.4,60,152.4,0
2563,65,221.3,113.4,43,64.9,62
2563,66,1072,366.4,360,345.6,1616
2563,67,319.8,164.6,76,79.2,0
2563,68,209.1,120.1,58,31,0
2563,69,1611.2,838.6,366,406.6,60
2563,70,377,245,0,132,0
2563,71,776.4,408.2,203,165.2,0
2563,72,1434.4,309.1,596,529.21,0
2563,73,438.6,105.4,103,230.2,301380
2563,74,742.1,237.4,120,384.7,71930
2563,75,541.8,288.4,23,230.4,208773
2563,76,303.1,129,156,18.1,5340
2563,77,168.6,76.45,24,68.15,0
2564,1,435,111,150,174,51977
2564,2,12214,3564,8650,0,0
2564,3,849,403,150,296,49374
2564,4,738,243,130,365,0
2564,5,543,256,120,167,0
2564,6,1289,395,530,364,25267
2564,7,495,151,47,297,96630
2564,8,771,143,276,352,79238
2564,9,2750,290,2037,423,824618
2564,10,289,129,93,67,6158
2564,11,896,439,12,445,24962
2564,12,416,145,50,221,61287
2564,13,452,154,137,161,42368
2564,14,202,31,94,77,15804
2564,15,711,333,140,238,171
2564,16,217,72,27,118,24675
2564,17,1225,214,570,441,144505
2564,18,450,199,60,191,4504
2564,19,2271,1129,556,586,146558
2564,20,1150,408,29,713,1248620
2564,21,815,353,361,101,0
2564,22,1989,407,1582,0,0
2564,23,745,408,100,237,50229
2564,24,276,139,74,63,10603
2564,25,280,91,67,122,3404
2564,26,1380,505,167,708,15428
2564,27,1714,161,495,1058,126630
2564,28,610,226,155,229,7604
2564,29,485,101,0,384,199373
2564,30,662,123,116,423,8211
2564,31,1287,197,644,446,398683
2564,32,285,122,30,133,7660
2564,33,242,41,39,162,111406
2564,34,381,192,3,186,62682
2564,35,327,138,54,135,0
2564,36,815,458,244,113,0
2564,37,722,58,612,52,0
2564,38,610,310,0,300,91111
2564,39,246,162,0,84,270000
2564,40,410,180,162,68,0
2564,41,441,208,73,160,1680
2564,42,235,48,0,187,10373
2564,43,1086,105,910,71,10000
2564,44,697,142,340,215,20086
2564,45,938,467,135,336,1139
2564,46,872,191,0,681,240899
2564,47,563,136,130,297,11128
2564,48,280,118,70,92,0
2564,49,835,393,135,307,4525
2564,50,890,480,123,287,4838
2564,51,1236,357,715,164,4041
2564,52,310,198,85,27,23
2564,53,2515,186,0,2329,1200000
2564,54,178,35,100,43,0
2564,55,868,64,757,47,0
2564,56,621,133,287,201,334060
2564,57,493,217,0,276,117178
2564,58,154,53,22,79,26066
2564,59,755,278,60,417,81445
2564,60,988,307,0,681,587826
2564,61,1139,734,55,350,1737
2564,62,421,203,74,144,60000
2564,63,654,125,133,396,6708
2564,64,325,130,60,135,113
2564,65,218,98,0,120,110000
2564,66,1127,383,386,358,2143
2564,67,332,169,68,95,0
2564,68,204,95,70,39,0
2564,69,1580,841,420,319,9400
2564,70,235,50,150,35,0
2564,71,834,425,170,239,0
2564,72,1415,290,810,315,450
2564,73,487,103,186,198,195138
2564,74,637,209,113,315,32000
2564,75,595,280,0,315,209913
2564,76,426,121,0,305,9005
2564,77,206,69,25,112,0
2565,1,495,181,130,184,58280
2565,2,12890,3840,9050,0,0
2565,3,657,257,110,290,109475
2565,4,735,280,110,345,90050
2565,5,514,270,132,112,20000
2565,6,1348,390,594,364,618640
2565,7,540,120,44,376,659000
2565,8,704,130,320,254,108300
2565,9,3107,250,2370,487,470550
2565,10,333,180,80,73,10620
2565,11,880,450,0,430,29400
2565,12,446,200,60,186,69500
2565,13,450,167,123,160,43900
2565,14,191,40,75,76,36500
2565,15,773,444,130,199,0
2565,16,243,65,30,148,19440
2565,17,1144,120,630,394,151675
2565,18,650,457,50,143,4650
2565,19,2228,1000,580,648,160200
2565,20,1402,700,26,676,1346950
2565,21,836,390,304,142,19120
2565,22,2012,465,1547,0,0
2565,23,725,380,110,235,66550
2565,24,258,140,60,58,0
2565,25,323,170,85,68,0
2565,26,1072,500,110,462,9170
2565,27,1950,350,605,995,131760
2565,28,612,200,209,203,22200
2565,29,448,90,0,358,222900
2565,30,366,130,125,111,6560
2565,31,1100,190,580,330,416630
2565,32,267,160,24,83,12910
2565,33,286,97,37,152,118300
2565,34,448,220,0,228,70950
2565,35,336,165,72,99,9645
2565,36,846,504,260,82,0
2565,37,742,74,668,0,0
2565,38,589,330,45,214,482100
2565,39,260,142,0,118,294150
2565,40,350,113,200,37,0
2565,41,417,278,67,72,350
2565,42,232,140,0,92,15900
2565,43,1140,200,838,102,0
2565,44,798,280,410,108,28660
2565,45,981,550,100,331,37080
2565,46,795,210,0,585,310060
2565,47,447,145,225,77,0
2565,48,296,140,50,106,0
2565,49,601,220,152,229,1000
2565,50,843,500,130,213,4470
2565,51,1207,320,730,157,141870
2565,52,320,166,93,61,150
2565,53,3120,290,300,2530,1930000
2565,54,190,54,126,10,0
2565,55,908,150,748,10,15020
2565,56,647,120,300,227,236160
2565,57,435,180,0,255,176755
2565,58,186,45,64,77,7100
2565,59,786,350,118,318,81450
2565,60,1215,550,0,665,69800
2565,61,1170,750,60,360,940
2565,62,560,383,123,54,60000
2565,63,485,200,130,155,7400
2565,64,285,125,55,105,124000
2565,65,363,112,0,251,110500
2565,66,1368,600,405,363,1570
2565,67,423,260,86,77,0
2565,68,243,130,60,53,1000
2565,69,1654,954,500,200,8000
2565,70,175,50,0,125,200000
2565,71,930,300,160,470,35000
2565,72,1445,359,810,276,450
2565,73,454,76,220,158,112050
2565,74,587,225,124,238,31000
2565,75,630,250,0,380,259960
2565,76,324,140,0,184,545
2565,77,195,50,20,125,0
